username,password,name,surname,email
jtidder0,qxF7lEg,Jewel,Tidder,jtidder0@xing.com
jpettegre1,xwhLBbyraZ,Jasun,Pettegre,jpettegre1@reverbnation.com
jmaypes2,NGgFlxLZ9Wb,Joanna,Maypes,jmaypes2@ehow.com
abruin3,D0xLoZX,Adina,Bruin,abruin3@rediff.com
rannon4,roGRFUv2tL,Riordan,Annon,rannon4@mtv.com
clarraway5,ItCjp2lGtS,Courtney,Larraway,clarraway5@ning.com
jkupke6,sQITfso,Jennifer,Kupke,jkupke6@zdnet.com
jdunkerly7,yRtHh5wGZ8,Joline,Dunkerly,jdunkerly7@slate.com
bgrigoryev8,NZNgq12,Briny,Grigoryev,bgrigoryev8@google.co.uk
kensor9,jo92Cyzq,Karlen,Ensor,kensor9@walmart.com
smarcieka,3VP4Y5PySZhL,Silva,Marciek,smarcieka@drupal.org
dbrunkeb,TnvLLyGO6,Deeann,Brunke,dbrunkeb@w3.org
cgiacomassoc,QkXuDrf13D,Chaim,Giacomasso,cgiacomassoc@eventbrite.com
wwillbrahamd,bPs5dC0,Wileen,Willbraham,wwillbrahamd@unblog.fr
afirebracee,GjnMBladZ,Antonius,Firebrace,afirebracee@aboutads.info
evasilyevf,4GT8eD2Qm9Ve,Eal,Vasilyev,evasilyevf@biglobe.ne.jp
migog,3rrSIE9UlX9,Miof mela,Igo,migog@topsy.com
cpaggitth,YoSfLXNbHA,Carie,Paggitt,cpaggitth@github.io
ameachani,jraMap,Angelo,Meachan,ameachani@meetup.com
odymentj,0w2urWTXVl1,Owen,Dyment,odymentj@phoca.cz
dbussellk,IdnnOqf,Danya,Bussell,dbussellk@gravatar.com
flungel,kVwN1u9Y,Fraze,Lunge,flungel@nsw.gov.au
rkillerbym,ikf9LcFXVJtA,Revkah,Killerby,rkillerbym@va.gov
tpietrasikn,954Mc42DYqV7,Tedd,Pietrasik,tpietrasikn@mapy.cz
crippero,TjdZTL,Clint,Ripper,crippero@myspace.com
